{"cameraMode":{"drawMode":0,"name":"Shaded","section":"Shading Mode"},"sceneLighting":false,"audioPlay":false,"sceneViewState":{"showFog":false,"showMaterialUpdate":false,"showSkybox":false,"showFlares":false,"showImageEffects":false,"showParticleSystems":false,"showVisualEffectGraphs":true,"m_FxEnabled":true},"in2DMode":false,"pivot":{"x":-0.008481979370117188,"y":0.938701868057251,"z":-0.2544923722743988},"rotation":{"x":0.18295979499816895,"y":0.07218766957521439,"z":-0.013471671380102635,"w":0.980372965335846},"size":1.402769923210144,"orthographic":true}