{"cameraMode":{"drawMode":0,"name":"Shaded","section":"Shading Mode"},"sceneLighting":false,"audioPlay":false,"sceneViewState":{"showFog":false,"showMaterialUpdate":false,"showSkybox":false,"showFlares":false,"showImageEffects":false,"showParticleSystems":false,"showVisualEffectGraphs":true,"m_FxEnabled":true},"in2DMode":false,"pivot":{"x":-0.009540766477584839,"y":0.9179109334945679,"z":0.5428464412689209},"rotation":{"x":0.11329624801874161,"y":-0.7400641441345215,"z":0.12894262373447419,"w":0.6502634286880493},"size":1.3372313976287842,"orthographic":true}