{"cameraMode":{"drawMode":0,"name":"Shaded","section":"Shading Mode"},"sceneLighting":true,"audioPlay":false,"sceneViewState":{"showFog":true,"showMaterialUpdate":false,"showSkybox":true,"showFlares":true,"showImageEffects":true,"showParticleSystems":true,"showVisualEffectGraphs":true,"m_FxEnabled":true},"in2DMode":false,"pivot":{"x":46.099998474121097,"y":1.4099998474121094,"z":-28.309999465942384},"rotation":{"x":0.000963344587944448,"y":0.9980365037918091,"z":-0.060855597257614139,"w":0.0158645361661911},"size":4.175754547119141,"orthographic":true}