{"cameraMode":{"drawMode":0,"name":"Shaded","section":"Shading Mode"},"sceneLighting":true,"audioPlay":false,"sceneViewState":{"showFog":true,"showMaterialUpdate":false,"showSkybox":true,"showFlares":true,"showImageEffects":true,"showParticleSystems":true,"showVisualEffectGraphs":true,"m_FxEnabled":true},"in2DMode":false,"pivot":{"x":64.7004623413086,"y":9.637829780578614,"z":-48.899845123291019},"rotation":{"x":0.035393379628658298,"y":-0.006591731682419777,"z":0.0002604780893307179,"w":0.9993841648101807},"size":91.23001861572266,"orthographic":true}