{"cameraMode":{"drawMode":0,"name":"Shaded","section":"Shading Mode"},"sceneLighting":true,"audioPlay":false,"sceneViewState":{"showFog":true,"showMaterialUpdate":false,"showSkybox":true,"showFlares":true,"showImageEffects":true,"showParticleSystems":true,"showVisualEffectGraphs":true,"m_FxEnabled":true},"in2DMode":false,"pivot":{"x":-151.58999633789063,"y":1.7100000381469727,"z":-58.400001525878909},"rotation":{"x":-0.21211835741996766,"y":0.13423755764961244,"z":-0.029196718707680703,"w":-0.9679585695266724},"size":20.592788696289064,"orthographic":true}