{"cameraMode":{"drawMode":0,"name":"Shaded","section":"Shading Mode"},"sceneLighting":true,"audioPlay":false,"sceneViewState":{"showFog":true,"showMaterialUpdate":false,"showSkybox":true,"showFlares":true,"showImageEffects":true,"showParticleSystems":true,"showVisualEffectGraphs":true,"m_FxEnabled":true},"in2DMode":false,"pivot":{"x":44.836517333984378,"y":2.174356460571289,"z":-27.745237350463868},"rotation":{"x":-0.055380240082740787,"y":0.9138695597648621,"z":-0.13335366547107697,"w":-0.37950873374938967},"size":3.728181838989258,"orthographic":true}