{"cameraMode":{"drawMode":0,"name":"Shaded","section":"Shading Mode"},"sceneLighting":true,"audioPlay":false,"sceneViewState":{"showFog":true,"showMaterialUpdate":false,"showSkybox":true,"showFlares":true,"showImageEffects":true,"showParticleSystems":true,"showVisualEffectGraphs":true,"m_FxEnabled":true},"in2DMode":false,"pivot":{"x":47.65293884277344,"y":1.8313663005828858,"z":-29.396547317504884},"rotation":{"x":0.044499270617961887,"y":0.9368557929992676,"z":-0.12954053282737733,"w":0.32183241844177248},"size":2.937598943710327,"orthographic":true}